case,history_mode,matrix_law,gain,h,status,error_message,bootstrap_step_count,newton_converged,residual_norm,min_jacobian_rank,raw_terminal_endpoint_constraint_norm,raw_terminal_endpoint_velocity_constraint_norm,history_source_norm,source_curvature_norm,candidate_basis_rank,candidate_augmented_rank,candidate_independent_target_rank,candidate_projection_relative_residual,candidate_max_row_relative_residual,candidate_missing_direction_rank,candidate_missing_direction_dominant_variable_family,candidate_missing_direction_dominant_variable_fraction,candidate_missing_direction_stage0_fraction,candidate_missing_direction_stage1_fraction,candidate_missing_direction_stage2_fraction,candidate_spans_terminal_bridge,candidate_closure_value_delta_from_recurrent_norm,candidate_closure_value_delta_from_recurrent_relative,uses_stage2_velocity_matrix_feature,uses_endpoint_pose_velocity_predictor,terminal_bridge_equivalent_predictor,target_bridge_used_for_scoring_only,accepted_h_sweep_present,full_tfe_stage_replacement,uses_stage2_translation_angular_coupled_matrix_feature
cylindrical_smooth,zero_initial,stage2_velocity_rowmask_translation_from_angular_feature,100000000.0,0.04,paper_tfe_lower_pair_recurrent_stage2_translation_angular_coupled_matrix_differential_audit_gap_not_full_tfe,,0,True,6.736947567718541e-13,132,6.446300155101045e-10,2.3374864007605686e-10,0.0,8.056654275011763e-15,24,32,8,0.9737591076636264,0.9993979071337821,8,translation_velocity_v,0.5100577924633788,4.2926060956793115e-09,4.341110736491095e-09,0.9999999913662833,False,4.216810184711078e-15,0.21570295544861576,True,False,False,True,False,False,True
cylindrical_smooth,zero_initial,stage2_velocity_rowmask_translation_from_angular_feature,1000000000000.0,0.04,paper_tfe_lower_pair_recurrent_stage2_translation_angular_coupled_matrix_differential_audit_gap_not_full_tfe,,0,True,6.736947567718541e-13,132,6.446300155101045e-10,2.3374864007605686e-10,0.0,8.056654275011763e-15,24,32,8,0.901407290185794,0.997907352776766,8,translation_velocity_v,0.5952238437658217,0.011399721879569197,0.01152853393518318,0.9770717441852474,False,3.582910406986082e-11,1832.770103564558,True,False,False,True,False,False,True
cylindrical_smooth,zero_initial,stage2_velocity_rowmask_angular_from_translation_feature,100000000.0,0.04,paper_tfe_lower_pair_recurrent_stage2_translation_angular_coupled_matrix_differential_audit_gap_not_full_tfe,,0,True,6.736947567718541e-13,132,6.446300155101045e-10,2.3374864007605686e-10,0.0,8.056654275011763e-15,24,32,8,0.9737590501784582,0.9993985374531784,8,translation_velocity_v,0.5100580502331997,9.842359938705698e-10,9.418821589621387e-10,0.9999999980738818,False,4.64937644258293e-16,0.023783006484249032,True,False,False,True,False,False,True
cylindrical_smooth,zero_initial,stage2_velocity_rowmask_angular_from_translation_feature,1000000000000.0,0.04,paper_tfe_lower_pair_recurrent_stage2_translation_angular_coupled_matrix_differential_audit_gap_not_full_tfe,,0,True,6.736947567718541e-13,132,6.446300155101045e-10,2.3374864007605686e-10,0.0,8.056654275011763e-15,24,32,8,0.9163106930299225,0.9895446848225112,8,angular_velocity_w,0.5207767591927801,0.02033277025262946,0.019457806524536,0.9602094232228344,False,6.091301616367946e-12,311.58902194444426,True,False,False,True,False,False,True
cylindrical_smooth,zero_initial,stage2_velocity_bidirectional_rowmask_translation_angular_feature,100000000.0,0.04,paper_tfe_lower_pair_recurrent_stage2_translation_angular_coupled_matrix_differential_audit_gap_not_full_tfe,,0,True,6.736947567718541e-13,132,6.446300155101045e-10,2.3374864007605686e-10,0.0,8.056654275011763e-15,24,32,8,0.9737592462723473,0.9993985959741293,8,translation_velocity_v,0.5100578447693133,5.294860103620506e-09,5.305572383916986e-09,0.9999999893995676,False,4.219602084093975e-15,0.2158457697850043,True,False,False,True,False,False,True
cylindrical_smooth,zero_initial,stage2_velocity_bidirectional_rowmask_translation_angular_feature,1000000000000.0,0.04,paper_tfe_lower_pair_recurrent_stage2_translation_angular_coupled_matrix_differential_audit_gap_not_full_tfe,,0,True,6.736947567718541e-13,132,6.446300155101045e-10,2.3374864007605686e-10,0.0,8.056654275011763e-15,24,32,8,0.8399414936269701,0.9427928504432875,8,translation_velocity_v,0.4655095908721017,0.037386014402796874,0.03645388252775952,0.9261601030694436,False,3.6343206430333996e-11,1859.068038188042,True,False,False,True,False,False,True
cylindrical_smooth,zero_initial,stage2_velocity_shifted_bidirectional_rowmask_translation_angular_feature,100000000.0,0.04,paper_tfe_lower_pair_recurrent_stage2_translation_angular_coupled_matrix_differential_audit_gap_not_full_tfe,,0,True,6.736947567718541e-13,132,6.446300155101045e-10,2.3374864007605686e-10,0.0,8.056654275011763e-15,24,32,8,0.9737599701252573,0.9993971857656325,8,translation_velocity_v,0.5100571526071628,1.7387754600426744e-09,1.7203540603168506e-09,0.9999999965408707,False,1.9079594478121294e-15,0.09759805960945417,True,False,False,True,False,False,True
cylindrical_smooth,zero_initial,stage2_velocity_shifted_bidirectional_rowmask_translation_angular_feature,1000000000000.0,0.04,paper_tfe_lower_pair_recurrent_stage2_translation_angular_coupled_matrix_differential_audit_gap_not_full_tfe,,0,True,6.736947567718541e-13,132,6.446300155101045e-10,2.3374864007605686e-10,0.0,8.056654275011763e-15,24,32,8,0.9130049141664879,0.9967386265425151,8,angular_velocity_w,0.4837088433982595,0.015629008029676185,0.015381182428364382,0.9689898095419595,False,1.5004123800821848e-11,767.5075960233055,True,False,False,True,False,False,True
cylindrical_smooth,zero_initial,stage2_velocity_pair_swap_diagonal_feature,100000000.0,0.04,paper_tfe_lower_pair_recurrent_stage2_translation_angular_coupled_matrix_differential_audit_gap_not_full_tfe,,0,True,6.736947567718541e-13,132,6.446300155101045e-10,2.3374864007605686e-10,0.0,8.056654275011763e-15,24,32,8,0.973759047638197,0.999397806751468,8,translation_velocity_v,0.5100579735723653,7.615950313538112e-10,7.887479998369981e-10,0.9999999984496569,False,3.0037634976349613e-16,0.015365184476590939,True,False,False,True,False,False,True
cylindrical_smooth,zero_initial,stage2_velocity_pair_swap_diagonal_feature,1000000000000.0,0.04,paper_tfe_lower_pair_recurrent_stage2_translation_angular_coupled_matrix_differential_audit_gap_not_full_tfe,,0,True,6.736947567718541e-13,132,6.446300155101045e-10,2.3374864007605686e-10,0.0,8.056654275011763e-15,24,32,8,0.9192030856346294,0.9837838280191151,8,angular_velocity_w,0.4911323063802737,0.023153002161147428,0.02380902868721809,0.9530379691516345,False,4.681274609291708e-12,239.46175527461432,True,False,False,True,False,False,True
cylindrical_smooth,zero_initial,stage2_velocity_pair_swap_hadamard_diagonal_feature_stage2_velocity,100000000.0,0.04,paper_tfe_lower_pair_recurrent_stage2_translation_angular_coupled_matrix_differential_audit_gap_not_full_tfe,,0,True,6.736947567718541e-13,132,6.446300155101045e-10,2.3374864007605686e-10,0.0,8.056654275011763e-15,24,32,8,0.9737589115420359,0.9993978485447425,8,translation_velocity_v,0.5100579979215356,1.4164837853451705e-30,4.6775099087718165e-31,1.0000000000000002,False,4.3887743032118374e-16,0.022449945492734942,True,False,False,True,False,False,True
cylindrical_smooth,zero_initial,stage2_velocity_pair_swap_hadamard_diagonal_feature_stage2_velocity,1000000000000.0,0.04,paper_tfe_lower_pair_recurrent_stage2_translation_angular_coupled_matrix_differential_audit_gap_not_full_tfe,,0,True,6.736947567718541e-13,132,6.446300155101045e-10,2.3374864007605686e-10,0.0,8.056654275011763e-15,24,32,8,0.9737589115420049,0.9993978485447438,8,translation_velocity_v,0.5100579979215341,1.8842856321171312e-23,1.9221409805482387e-23,1.0,False,4.3887747609996167e-16,0.022449947834461807,True,False,False,True,False,False,True
cylindrical_smooth,zero_initial,stage2_velocity_pair_swap_outer_stage2_velocity,100000000.0,0.04,paper_tfe_lower_pair_recurrent_stage2_translation_angular_coupled_matrix_differential_audit_gap_not_full_tfe,,0,True,6.736947567718541e-13,132,6.446300155101045e-10,2.3374864007605686e-10,0.0,8.056654275011763e-15,24,32,8,0.973758911542036,0.9993978485447425,8,translation_velocity_v,0.5100579979215356,3.529111077120799e-30,2.4159684027935224e-30,1.0,False,4.3887743032591504e-16,0.02244994549297696,True,False,False,True,False,False,True
cylindrical_smooth,zero_initial,stage2_velocity_pair_swap_outer_stage2_velocity,1000000000000.0,0.04,paper_tfe_lower_pair_recurrent_stage2_translation_angular_coupled_matrix_differential_audit_gap_not_full_tfe,,0,True,6.736947567718541e-13,132,6.446300155101045e-10,2.3374864007605686e-10,0.0,8.056654275011763e-15,24,32,8,0.9737589115416377,0.9993978485448166,8,translation_velocity_v,0.5100579979218685,2.0804706237939729e-22,2.0639279781037224e-22,0.9999999999999998,False,4.3887752341377323e-16,0.022449950254710416,True,False,False,True,False,False,True
cylindrical_smooth,zero_initial,stage2_velocity_stage2_velocity_outer_pair_swap_feature,100000000.0,0.04,paper_tfe_lower_pair_recurrent_stage2_translation_angular_coupled_matrix_differential_audit_gap_not_full_tfe,,0,True,6.736947567718541e-13,132,6.446300155101045e-10,2.3374864007605686e-10,0.0,8.056654275011763e-15,24,32,8,0.973758911542036,0.9993978485447425,8,translation_velocity_v,0.5100579979215356,2.4368138925836954e-30,1.3695578217308155e-30,1.0,False,4.388774303304034e-16,0.022449945493206554,True,False,False,True,False,False,True
cylindrical_smooth,zero_initial,stage2_velocity_stage2_velocity_outer_pair_swap_feature,1000000000000.0,0.04,paper_tfe_lower_pair_recurrent_stage2_translation_angular_coupled_matrix_differential_audit_gap_not_full_tfe,,0,True,6.736947567718541e-13,132,6.446300155101045e-10,2.3374864007605686e-10,0.0,8.056654275011763e-15,24,32,8,0.973758911541931,0.9993978485447335,8,translation_velocity_v,0.5100579979215412,1.110200508277714e-22,1.1095322212182145e-22,1.0,False,4.3887756829869025e-16,0.022449952550713515,True,False,False,True,False,False,True
cylindrical_smooth,zero_initial,stage2_velocity_symmetric_pair_swap_outer_stage2_velocity,100000000.0,0.04,paper_tfe_lower_pair_recurrent_stage2_translation_angular_coupled_matrix_differential_audit_gap_not_full_tfe,,0,True,6.736947567718541e-13,132,6.446300155101045e-10,2.3374864007605686e-10,0.0,8.056654275011763e-15,24,32,8,0.9737589115420359,0.9993978485447425,8,translation_velocity_v,0.5100579979215356,2.1839980997007385e-30,1.3726387709485275e-30,1.0000000000000002,False,4.388774303281597e-16,0.02244994549309178,True,False,False,True,False,False,True
cylindrical_smooth,zero_initial,stage2_velocity_symmetric_pair_swap_outer_stage2_velocity,1000000000000.0,0.04,paper_tfe_lower_pair_recurrent_stage2_translation_angular_coupled_matrix_differential_audit_gap_not_full_tfe,,0,True,6.736947567718541e-13,132,6.446300155101045e-10,2.3374864007605686e-10,0.0,8.056654275011763e-15,24,32,8,0.9737589115417844,0.999397848544775,8,translation_velocity_v,0.5100579979217048,9.716843888097863e-23,9.779426794215898e-23,1.0,False,4.3887754585614723e-16,0.022449951402707644,True,False,False,True,False,False,True
cylindrical_smooth,zero_initial,stage2_velocity_local_pair_cross_feature,100000000.0,0.04,paper_tfe_lower_pair_recurrent_stage2_translation_angular_coupled_matrix_differential_audit_gap_not_full_tfe,,0,True,6.736947567718541e-13,132,6.446300155101045e-10,2.3374864007605686e-10,0.0,8.056654275011763e-15,24,32,8,0.9737592227161719,0.9993981095737267,8,translation_velocity_v,0.5100575946129869,1.4549283528837466e-09,1.4603091362043397e-09,0.9999999970847625,False,2.949386448402576e-15,0.1508702895822003,True,False,False,True,False,False,True
cylindrical_smooth,zero_initial,stage2_velocity_local_pair_cross_feature,1000000000000.0,0.04,paper_tfe_lower_pair_recurrent_stage2_translation_angular_coupled_matrix_differential_audit_gap_not_full_tfe,,0,True,6.736947567718541e-13,132,6.446300155101045e-10,2.3374864007605686e-10,0.0,8.056654275011763e-15,24,32,8,0.8988661318711653,0.9651794484513344,8,translation_velocity_v,0.4794879019826747,0.03621935052415756,0.03581303221776964,0.927967617258073,False,2.551743565923628e-11,1305.2961945320028,True,False,False,True,False,False,True
cylindrical_smooth,zero_initial,stage2_velocity_local_pair_swap_stage2_velocity_cross_feature,100000000.0,0.04,paper_tfe_lower_pair_recurrent_stage2_translation_angular_coupled_matrix_differential_audit_gap_not_full_tfe,,0,True,6.736947567718541e-13,132,6.446300155101045e-10,2.3374864007605686e-10,0.0,8.056654275011763e-15,24,32,8,0.973758911542036,0.9993978485447425,8,translation_velocity_v,0.5100579979215355,1.6550514850179755e-30,6.577226113790418e-31,1.0,False,4.3887743031939476e-16,0.02244994549264343,True,False,False,True,False,False,True
cylindrical_smooth,zero_initial,stage2_velocity_local_pair_swap_stage2_velocity_cross_feature,1000000000000.0,0.04,paper_tfe_lower_pair_recurrent_stage2_translation_angular_coupled_matrix_differential_audit_gap_not_full_tfe,,0,True,6.736947567718541e-13,132,6.446300155101045e-10,2.3374864007605686e-10,0.0,8.056654275011763e-15,24,32,8,0.9737589115419293,0.9993978485447605,8,translation_velocity_v,0.5100579979214841,3.103781750418616e-23,3.163427388914442e-23,1.0,False,4.3887745820751343e-16,0.02244994691920743,True,False,False,True,False,False,True
cylindrical_smooth,zero_initial,stage2_velocity_pair_swap_stage2_hadamard_row_feature,100000000.0,0.04,paper_tfe_lower_pair_recurrent_stage2_translation_angular_coupled_matrix_differential_audit_gap_not_full_tfe,,0,True,6.736947567718541e-13,132,6.446300155101045e-10,2.3374864007605686e-10,0.0,8.056654275011763e-15,24,32,8,0.973758911542036,0.9993978485447425,8,translation_velocity_v,0.5100579979215355,3.9106365468399955e-30,2.9066215937157464e-30,1.0,False,4.388774303228016e-16,0.0224499454928177,True,False,False,True,False,False,True
cylindrical_smooth,zero_initial,stage2_velocity_pair_swap_stage2_hadamard_row_feature,1000000000000.0,0.04,paper_tfe_lower_pair_recurrent_stage2_translation_angular_coupled_matrix_differential_audit_gap_not_full_tfe,,0,True,6.736947567718541e-13,132,6.446300155101045e-10,2.3374864007605686e-10,0.0,8.056654275011763e-15,24,32,8,0.9737589115423134,0.9993978485445587,8,translation_velocity_v,0.5100579979214492,2.582996215731721e-22,2.555621980118945e-22,1.0000000000000002,False,4.3887749227620697e-16,0.022449948661927063,True,False,False,True,False,False,True
cylindrical_smooth,post_one_step,stage2_velocity_rowmask_translation_from_angular_feature,100000000.0,0.04,paper_tfe_lower_pair_recurrent_stage2_translation_angular_coupled_matrix_differential_audit_gap_not_full_tfe,,1,True,2.4825205374532975e-12,132,1.5912781006705557e-07,4.020786763889641e-06,7.946977087299714e-14,1.0761766132525447e-14,24,32,8,0.8429776266966527,0.9967989833899897,8,translation_velocity_v,0.6322465654458532,0.012212097073657913,0.012963122203577431,0.9748247807227645,False,7.910068502593736e-07,18166179.079008948,True,False,False,True,False,False,True
cylindrical_smooth,post_one_step,stage2_velocity_rowmask_translation_from_angular_feature,1000000000000.0,0.04,paper_tfe_lower_pair_recurrent_stage2_translation_angular_coupled_matrix_differential_audit_gap_not_full_tfe,,1,True,2.4825205374532975e-12,132,1.5912781006705557e-07,4.020786763889641e-06,7.946977087299714e-14,1.0761766132525447e-14,24,32,8,0.8352505244135255,0.9943451451849962,8,translation_velocity_v,0.6439988046461883,0.010330502756346139,0.010965812738564777,0.9787036845050892,False,9.126298389305912e-07,20959359.68370427,True,False,False,True,False,False,True
cylindrical_smooth,post_one_step,stage2_velocity_rowmask_angular_from_translation_feature,100000000.0,0.04,paper_tfe_lower_pair_recurrent_stage2_translation_angular_coupled_matrix_differential_audit_gap_not_full_tfe,,1,True,2.4825205374532975e-12,132,1.5912781006705557e-07,4.020786763889641e-06,7.946977087299714e-14,1.0761766132525447e-14,24,32,8,0.8694114443140704,0.9911166188223726,8,translation_velocity_v,0.4874725351281908,0.016470317608618747,0.014095258450815863,0.9694344239405653,False,2.5787445999046818e-08,592231.7383918333,True,False,False,True,False,False,True
cylindrical_smooth,post_one_step,stage2_velocity_rowmask_angular_from_translation_feature,1000000000000.0,0.04,paper_tfe_lower_pair_recurrent_stage2_translation_angular_coupled_matrix_differential_audit_gap_not_full_tfe,,1,True,2.4825205374532975e-12,132,1.5912781006705557e-07,4.020786763889641e-06,7.946977087299714e-14,1.0761766132525447e-14,24,32,8,0.8127410370914117,0.9898885395479502,8,angular_velocity_w,0.45823656396035944,0.013602752269563104,0.011641202886189814,0.974756044844247,False,1.196718633051335e-07,2748371.2673371667,True,False,False,True,False,False,True
cylindrical_smooth,post_one_step,stage2_velocity_bidirectional_rowmask_translation_angular_feature,100000000.0,0.04,paper_tfe_lower_pair_recurrent_stage2_translation_angular_coupled_matrix_differential_audit_gap_not_full_tfe,,1,True,2.4825205374532975e-12,132,1.5912781006705557e-07,4.020786763889641e-06,7.946977087299714e-14,1.0761766132525447e-14,24,32,8,0.8116045039048839,0.9911073933943447,8,translation_velocity_v,0.5601130996366818,0.03174341161978922,0.029752938390906054,0.9385036499893048,False,7.914270841514138e-07,18175830.125817668,True,False,False,True,False,False,True
cylindrical_smooth,post_one_step,stage2_velocity_bidirectional_rowmask_translation_angular_feature,1000000000000.0,0.04,paper_tfe_lower_pair_recurrent_stage2_translation_angular_coupled_matrix_differential_audit_gap_not_full_tfe,,1,True,2.4825205374532975e-12,132,1.5912781006705557e-07,4.020786763889641e-06,7.946977087299714e-14,1.0761766132525447e-14,24,32,8,0.7420693394540528,0.9868807885516498,8,translation_velocity_v,0.5152105104662571,0.02979603618391223,0.027919034579946937,0.9422849292361409,False,9.20442598847641e-07,21138786.695882343,True,False,False,True,False,False,True
cylindrical_smooth,post_one_step,stage2_velocity_shifted_bidirectional_rowmask_translation_angular_feature,100000000.0,0.04,paper_tfe_lower_pair_recurrent_stage2_translation_angular_coupled_matrix_differential_audit_gap_not_full_tfe,,1,True,2.4825205374532975e-12,132,1.5912781006705557e-07,4.020786763889641e-06,7.946977087299714e-14,1.0761766132525447e-14,24,32,8,0.8469652926741577,0.9829279222526992,8,translation_velocity_v,0.47725696081884195,0.010425695560867868,0.009602468474765622,0.9799718359643667,False,3.170428921984724e-11,728.1173296433318,True,False,False,True,False,False,True
cylindrical_smooth,post_one_step,stage2_velocity_shifted_bidirectional_rowmask_translation_angular_feature,1000000000000.0,0.04,paper_tfe_lower_pair_recurrent_stage2_translation_angular_coupled_matrix_differential_audit_gap_not_full_tfe,,1,True,2.4825205374532975e-12,132,1.5912781006705557e-07,4.020786763889641e-06,7.946977087299714e-14,1.0761766132525447e-14,24,32,8,0.7897085632654249,0.985258988547048,8,translation_velocity_v,0.5377595330782425,0.0030331173060217185,0.002578920377282243,0.994387962316696,False,2.619183744652839e-07,6015189.493060763,True,False,False,True,False,False,True
cylindrical_smooth,post_one_step,stage2_velocity_pair_swap_diagonal_feature,100000000.0,0.04,paper_tfe_lower_pair_recurrent_stage2_translation_angular_coupled_matrix_differential_audit_gap_not_full_tfe,,1,True,2.4825205374532975e-12,132,1.5912781006705557e-07,4.020786763889641e-06,7.946977087299714e-14,1.0761766132525447e-14,24,32,8,0.8915189898641639,0.9873202918163781,8,translation_velocity_v,0.5181984123293581,0.009651431303272963,0.009588665776581788,0.9807599029201451,False,1.0811883385545393e-07,2483045.6234200187,True,False,False,True,False,False,True
cylindrical_smooth,post_one_step,stage2_velocity_pair_swap_diagonal_feature,1000000000000.0,0.04,paper_tfe_lower_pair_recurrent_stage2_translation_angular_coupled_matrix_differential_audit_gap_not_full_tfe,,1,True,2.4825205374532975e-12,132,1.5912781006705557e-07,4.020786763889641e-06,7.946977087299714e-14,1.0761766132525447e-14,24,32,8,0.8226034871315787,0.9594360909999031,8,translation_velocity_v,0.4667327529641153,0.049986895715690594,0.04844284342909642,0.9015702608552131,False,4.2382813854162185e-07,9733591.891075887,True,False,False,True,False,False,True
cylindrical_smooth,post_one_step,stage2_velocity_pair_swap_hadamard_diagonal_feature_stage2_velocity,100000000.0,0.04,paper_tfe_lower_pair_recurrent_stage2_translation_angular_coupled_matrix_differential_audit_gap_not_full_tfe,,1,True,2.4825205374532975e-12,132,1.5912781006705557e-07,4.020786763889641e-06,7.946977087299714e-14,1.0761766132525447e-14,24,32,8,0.8988734881776883,0.997307921340392,8,translation_velocity_v,0.5560597129744975,5.818189294857187e-16,5.34892156466804e-16,0.999999999999999,False,4.030713523218683e-14,0.9256893749398474,True,False,False,True,False,False,True
cylindrical_smooth,post_one_step,stage2_velocity_pair_swap_hadamard_diagonal_feature_stage2_velocity,1000000000000.0,0.04,paper_tfe_lower_pair_recurrent_stage2_translation_angular_coupled_matrix_differential_audit_gap_not_full_tfe,,1,True,2.4825205374532975e-12,132,1.5912781006705557e-07,4.020786763889641e-06,7.946977087299714e-14,1.0761766132525447e-14,24,32,8,0.8988545765501258,0.9973081956093494,8,translation_velocity_v,0.5560650988162605,5.8162974949287725e-08,5.347206302442229e-08,0.9999998883649621,False,4.0393487045955467e-10,9276.725214981912,True,False,False,True,False,False,True
cylindrical_smooth,post_one_step,stage2_velocity_pair_swap_outer_stage2_velocity,100000000.0,0.04,paper_tfe_lower_pair_recurrent_stage2_translation_angular_coupled_matrix_differential_audit_gap_not_full_tfe,,1,True,2.4825205374532975e-12,132,1.5912781006705557e-07,4.020786763889641e-06,7.946977087299714e-14,1.0761766132525447e-14,24,32,8,0.8988734812437688,0.9973079208119552,8,translation_velocity_v,0.5560597208951529,7.839954754009614e-14,7.325012599197183e-14,0.9999999999998482,False,3.0450899333437325e-13,6.993321110009457,True,False,False,True,False,False,True
cylindrical_smooth,post_one_step,stage2_velocity_pair_swap_outer_stage2_velocity,1000000000000.0,0.04,paper_tfe_lower_pair_recurrent_stage2_translation_angular_coupled_matrix_differential_audit_gap_not_full_tfe,,1,True,2.4825205374532975e-12,132,1.5912781006705557e-07,4.020786763889641e-06,7.946977087299714e-14,1.0761766132525447e-14,24,32,8,0.8987757959702782,0.9972915698379479,8,translation_velocity_v,0.5561375308893803,7.836029873352458e-06,7.321330048485531e-06,0.9999848426400781,False,3.045245137624886e-09,69936.77550508593,True,False,False,True,False,False,True
cylindrical_smooth,post_one_step,stage2_velocity_stage2_velocity_outer_pair_swap_feature,100000000.0,0.04,paper_tfe_lower_pair_recurrent_stage2_translation_angular_coupled_matrix_differential_audit_gap_not_full_tfe,,1,True,2.4825205374532975e-12,132,1.5912781006705557e-07,4.020786763889641e-06,7.946977087299714e-14,1.0761766132525447e-14,24,32,8,0.898873485884827,0.9973079206418592,8,translation_velocity_v,0.5560597130402156,5.32915851328127e-15,5.1692257529798556e-15,0.9999999999999895,False,8.13577249597009e-14,1.8684528466397674,True,False,False,True,False,False,True
cylindrical_smooth,post_one_step,stage2_velocity_stage2_velocity_outer_pair_swap_feature,1000000000000.0,0.04,paper_tfe_lower_pair_recurrent_stage2_translation_angular_coupled_matrix_differential_audit_gap_not_full_tfe,,1,True,2.4825205374532975e-12,132,1.5912781006705557e-07,4.020786763889641e-06,7.946977087299714e-14,1.0761766132525447e-14,24,32,8,0.8988310253727514,0.9973002873227209,8,translation_velocity_v,0.5560647120766709,5.32832038233692e-07,5.168369084543219e-07,0.9999989503310532,False,8.14553651792529e-10,18706.952415230906,True,False,False,True,False,False,True
cylindrical_smooth,post_one_step,stage2_velocity_symmetric_pair_swap_outer_stage2_velocity,100000000.0,0.04,paper_tfe_lower_pair_recurrent_stage2_translation_angular_coupled_matrix_differential_audit_gap_not_full_tfe,,1,True,2.4825205374532975e-12,132,1.5912781006705557e-07,4.020786763889641e-06,7.946977087299714e-14,1.0761766132525447e-14,24,32,8,0.8988734835643217,0.9973079207269384,8,translation_velocity_v,0.5560597169677026,2.2062382328334277e-14,2.1095270118952433e-14,0.9999999999999568,False,1.6776966820417428e-13,3.852980332121754,True,False,False,True,False,False,True
cylindrical_smooth,post_one_step,stage2_velocity_symmetric_pair_swap_outer_stage2_velocity,1000000000000.0,0.04,paper_tfe_lower_pair_recurrent_stage2_translation_angular_coupled_matrix_differential_audit_gap_not_full_tfe,,1,True,2.4825205374532975e-12,132,1.5912781006705557e-07,4.020786763889641e-06,7.946977087299714e-14,1.0761766132525447e-14,24,32,8,0.8988057938832477,0.9972990408416741,8,translation_velocity_v,0.5561029676748203,2.2051550148491786e-06,2.108481409842496e-06,0.9999956863635754,False,1.6781125208175466e-09,38539.353430254865,True,False,False,True,False,False,True
cylindrical_smooth,post_one_step,stage2_velocity_local_pair_cross_feature,100000000.0,0.04,paper_tfe_lower_pair_recurrent_stage2_translation_angular_coupled_matrix_differential_audit_gap_not_full_tfe,,1,True,2.4825205374532975e-12,132,1.5912781006705557e-07,4.020786763889641e-06,7.946977087299714e-14,1.0761766132525447e-14,24,32,8,0.8568155219799695,0.9936095361164605,8,translation_velocity_v,0.5721963686544254,0.02111300471586725,0.021753933768398733,0.957133061515734,False,5.596234580026136e-07,12852252.735303352,True,False,False,True,False,False,True
cylindrical_smooth,post_one_step,stage2_velocity_local_pair_cross_feature,1000000000000.0,0.04,paper_tfe_lower_pair_recurrent_stage2_translation_angular_coupled_matrix_differential_audit_gap_not_full_tfe,,1,True,2.4825205374532975e-12,132,1.5912781006705557e-07,4.020786763889641e-06,7.946977087299714e-14,1.0761766132525447e-14,24,32,8,0.7861825993926552,0.9096724399475868,8,translation_velocity_v,0.447918779572923,0.054082735651193675,0.05049817823975583,0.8954190861090506,False,6.5084993574212e-07,14947350.307239277,True,False,False,True,False,False,True
cylindrical_smooth,post_one_step,stage2_velocity_local_pair_swap_stage2_velocity_cross_feature,100000000.0,0.04,paper_tfe_lower_pair_recurrent_stage2_translation_angular_coupled_matrix_differential_audit_gap_not_full_tfe,,1,True,2.4825205374532975e-12,132,1.5912781006705557e-07,4.020786763889641e-06,7.946977087299714e-14,1.0761766132525447e-14,24,32,8,0.8988734839679754,0.9973079227584589,8,translation_velocity_v,0.5560597083297972,2.7361712563976475e-14,2.9004254199204955e-14,0.9999999999999436,False,4.0750635400862555e-14,0.9358747525798666,True,False,False,True,False,False,True
cylindrical_smooth,post_one_step,stage2_velocity_local_pair_swap_stage2_velocity_cross_feature,1000000000000.0,0.04,paper_tfe_lower_pair_recurrent_stage2_translation_angular_coupled_matrix_differential_audit_gap_not_full_tfe,,1,True,2.4825205374532975e-12,132,1.5912781006705557e-07,4.020786763889641e-06,7.946977087299714e-14,1.0761766132525447e-14,24,32,8,0.8988086682474753,0.9973189787815748,8,translation_velocity_v,0.5560068768959193,2.734940515986215e-06,2.8991247212339637e-06,0.9999943659347628,False,4.076934752277961e-10,9363.044931789298,True,False,False,True,False,False,True
cylindrical_smooth,post_one_step,stage2_velocity_pair_swap_stage2_hadamard_row_feature,100000000.0,0.04,paper_tfe_lower_pair_recurrent_stage2_translation_angular_coupled_matrix_differential_audit_gap_not_full_tfe,,1,True,2.4825205374532975e-12,132,1.5912781006705557e-07,4.020786763889641e-06,7.946977087299714e-14,1.0761766132525447e-14,24,32,8,0.8988734940089889,0.9973079310409337,8,translation_velocity_v,0.556059715289329,3.031627162157508e-13,3.010635771835458e-13,0.999999999999396,False,1.2862937743835227e-13,2.954088582924823,True,False,False,True,False,False,True
cylindrical_smooth,post_one_step,stage2_velocity_pair_swap_stage2_hadamard_row_feature,1000000000000.0,0.04,paper_tfe_lower_pair_recurrent_stage2_translation_angular_coupled_matrix_differential_audit_gap_not_full_tfe,,1,True,2.4825205374532975e-12,132,1.5912781006705557e-07,4.020786763889641e-06,7.946977087299714e-14,1.0761766132525447e-14,24,32,8,0.8988730765771744,0.9973887453508719,8,translation_velocity_v,0.5559741386232291,3.030607683047543e-05,3.009623351713104e-05,0.9999395976896523,False,1.2872398984910139e-09,29562.614414736483,True,False,False,True,False,False,True
