case,method,h,status,error_message,steps,orientation_error_rad,omega_l2_error,runtime_sec,total_newton_iterations,max_endpoint_constraint_norm,max_endpoint_velocity_constraint_norm,max_endpoint_pivot_velocity_constraint_norm,max_endpoint_axis_velocity_constraint_norm,max_stage_constraint_norm,max_stage_velocity_constraint_norm,max_stage_pivot_velocity_constraint_norm,max_stage_axis_velocity_constraint_norm,max_stage_pivot_acceleration_constraint_norm,max_stage_axis_acceleration_constraint_norm,max_stage_acceleration_constraint_norm,max_lambda_norm,max_stage_friction_power,final_energy_relative_change,max_step_energy_increase,max_quaternion_unit_error
double_revolute_smooth,double_revolute_gauss4,0.04,ok,,5,7.4709523381132208e-05,3.7258730564967465e-02,1.08286707e-01,22,7.2351361722592037e-05,3.5265053199639060e-02,3.5265053199639060e-02,5.4764922661490334e-19,5.3533015581491672e-16,5.7503149764542268e-03,5.7503149764542268e-03,4.9609234470865748e-20,2.6772910983574545e+00,4.4346545284438358e-17,2.6772910983574545e+00,5.2233941699896640e+01,-1.4945171101069873e-01,-2.0375790035996382e-03,0.0000000000000000e+00,0.0000000000000000e+00
double_revolute_smooth,double_revolute_gauss4,0.02,ok,,10,2.3115884189529944e-05,3.6160336467369804e-02,1.96992511e-01,40,1.8089916799217759e-05,3.4403789696906537e-02,3.4403789696906537e-02,1.4331213466451554e-18,4.5097472448829339e-16,3.0003248425846348e-03,3.0003248425846348e-03,5.1246616857883157e-20,5.5767435533953567e+00,2.4175630859572004e-16,5.5767435533953567e+00,6.5538204432039677e+01,-1.4682068732796152e-01,-1.9972226452569138e-03,0.0000000000000000e+00,1.1102230246251565e-16
double_revolute_smooth,double_revolute_gauss6,0.04,ok,,5,1.3873104054839912e-06,1.0861409010218348e-03,4.67270761e+00,23,5.4060318976083685e-07,7.9676786465632688e-04,7.9676786465632688e-04,3.6676706771284789e-19,6.3777457165885396e-16,7.2227623047230695e-05,7.2227623047230695e-05,3.3262256566997645e-20,1.1235425020521042e-01,5.2054092224551748e-17,1.1235425020521042e-01,4.6294741659551171e+01,-1.4620577522061334e-01,-2.0951384549148804e-03,0.0000000000000000e+00,1.1102230246251565e-16
double_revolute_smooth,double_revolute_gauss6,0.02,ok,,10,4.1048771961544058e-09,2.4861198059115676e-04,7.08560777e+00,40,3.2973665238234942e-08,1.8067052190947117e-04,1.8067052190947117e-04,3.0656003732606985e-19,4.5775667985222375e-16,8.7811012522561872e-06,8.7811012522561872e-06,1.5222963776870711e-20,5.4005369880723582e-02,8.9898847234463492e-17,5.4005369880723582e-02,4.7419304469662364e+01,-1.4742301636640040e-01,-2.0970898040037819e-03,0.0000000000000000e+00,0.0000000000000000e+00
double_revolute_smooth,double_revolute_gauss4_pivotva,0.04,ok,,5,9.3593784474703303e-06,2.6498446645308784e-05,1.39103931e-01,22,2.1436926496200621e-08,2.6317793470024428e-07,2.6317793470024428e-07,4.7985948492599477e-20,5.1478923876445170e-16,3.0169110567251755e-15,3.0169110567233563e-15,1.3055795440796885e-20,1.1799581718285565e-12,3.4360874959330612e-18,1.1799581718299647e-12,4.6593644457669733e+01,-1.4976477543207431e-01,-2.0963722767750495e-03,0.0000000000000000e+00,0.0000000000000000e+00
double_revolute_smooth,double_revolute_gauss4_pivotva,0.02,ok,,10,7.4777338575078968e-08,3.1763881181273744e-07,1.34773949e-01,40,1.3389423959386314e-09,1.6448067535515985e-08,1.6448067535515985e-08,8.3359612813552190e-19,4.6111025347562034e-16,1.0057327714035492e-15,1.0057327710640516e-15,3.1638187474126508e-20,3.8991588996869228e-13,1.4032591142226018e-16,3.8991588997056268e-13,4.6947894172678197e+01,-1.4665266017379741e-01,-2.0966536897713316e-03,0.0000000000000000e+00,1.1102230246251565e-16
double_revolute_smooth,double_revolute_gauss6_pivotva,0.04,ok,,5,7.7375528791205047e-07,2.0355079443347291e-06,3.84288946e+00,23,4.0770115848161571e-12,5.1254191809803041e-11,5.1254191809803041e-11,9.0897069071642759e-20,4.0792198665315552e-16,9.0823415300836466e-15,9.0823415300827788e-15,8.8070356710590781e-21,2.5765466011210717e-12,1.2722421319312858e-17,2.5765466011211807e-12,4.6924078469706508e+01,-1.4665511430251513e-01,-2.0966800903428097e-03,0.0000000000000000e+00,0.0000000000000000e+00
double_revolute_smooth,double_revolute_gauss6_pivotva,0.02,ok,,10,2.1112329103961177e-09,9.7977164847563915e-09,8.20629583e+00,40,6.3086756552449973e-14,7.7447423653906943e-13,7.7447423653887778e-13,5.4471535691744287e-19,4.7102773760513257e-16,1.4536113271248636e-15,1.4536113270870746e-15,2.7923962054440702e-20,8.2871006764575876e-13,1.6025458379696471e-16,8.2871006765419405e-13,4.7115677224234823e+01,-1.4713118728490601e-01,-2.0966542640099908e-03,0.0000000000000000e+00,1.1102230246251565e-16
double_revolute_smooth,double_revolute_gauss4_fullva,0.04,ok,,5,9.3593784475213742e-06,2.6498446645308784e-05,1.08659266e-01,22,2.1436926650079812e-08,2.6317793467621073e-07,2.6317793467621073e-07,2.6214901396021795e-26,5.1478923876445170e-16,3.0169110567233563e-15,3.0169110567233563e-15,2.0729304908007530e-24,1.1803195303878323e-12,9.0893234957127528e-26,1.1803195303878323e-12,4.6593644457669733e+01,-1.4976477543207431e-01,-2.0963722767750495e-03,0.0000000000000000e+00,0.0000000000000000e+00
double_revolute_smooth,double_revolute_gauss4_fullva,0.02,ok,,10,7.4777338575078968e-08,3.1763881181273744e-07,1.77745380e-01,40,1.3389423959386314e-09,1.6448067535515985e-08,1.6448067535515985e-08,5.1833658535010225e-27,4.6111025347562034e-16,1.0057327710640516e-15,1.0057327710640516e-15,4.4824648415632171e-25,3.8999408977420700e-13,7.5411767153945534e-26,3.8999408977420700e-13,4.6947894172678197e+01,-1.4665266017379744e-01,-2.0966536897713316e-03,0.0000000000000000e+00,1.1102230246251565e-16
double_revolute_smooth,double_revolute_gauss6_fullva,0.04,ok,,5,7.7375528791205047e-07,2.0355079443347291e-06,3.44426267e+00,23,4.0770115848161571e-12,5.1254338650172816e-11,5.1254338650172816e-11,5.3342623086706800e-27,4.0792198665315572e-16,9.1054999065347243e-15,9.1054999065347243e-15,1.4097144323875960e-24,2.5761273846028608e-12,3.5739116172272829e-26,2.5761273846028608e-12,4.6924078469706501e+01,-1.4665511430251515e-01,-2.0966800903428097e-03,0.0000000000000000e+00,0.0000000000000000e+00
double_revolute_smooth,double_revolute_gauss6_fullva,0.02,ok,,10,2.1112329103961177e-09,9.7977166226687839e-09,5.78517113e+00,40,6.3086756552449973e-14,7.7420058115910717e-13,7.7420058115910717e-13,4.7785405932549176e-27,5.0037075531084013e-16,1.4406353654968681e-15,1.4406353654968681e-15,5.0370051226981433e-25,8.2791938596832810e-13,1.1023220884370545e-25,8.2791938596832810e-13,4.7115677224234823e+01,-1.4713118728490601e-01,-2.0966542640099908e-03,0.0000000000000000e+00,1.1102230246251565e-16
double_revolute_sharp,double_revolute_gauss4,0.04,ok,,5,3.4766709104367446e-04,3.9434527296519202e-02,7.82815150e-02,21,7.3716337423821072e-05,3.6244108724582717e-02,3.6244108724582717e-02,2.4985936872322625e-20,2.7755575615628914e-16,5.8629853531952771e-03,5.8629853531952771e-03,5.4232500789212869e-21,2.7554114976539066e+00,1.8172101120797589e-18,2.7554114976539066e+00,5.2317772689818113e+01,-1.0889256132047857e-01,-1.4903638298915385e-03,0.0000000000000000e+00,0.0000000000000000e+00
double_revolute_sharp,double_revolute_gauss4,0.02,ok,,10,1.8308453290467010e-04,3.6062151236844059e-02,1.02227040e-01,41,1.8436697657572423e-05,3.5508224627788451e-02,3.5508224627788451e-02,5.2473007220648089e-19,3.0404709722440588e-16,3.0590454093624418e-03,3.0590454093624418e-03,2.0341562459612031e-20,5.7613589510860965e+00,8.8359676844723424e-17,5.7613589510860965e+00,6.5803476424663941e+01,-1.0599518816880980e-01,-1.4542901660440336e-03,0.0000000000000000e+00,1.1102230246251565e-16
double_revolute_sharp,double_revolute_gauss6,0.04,ok,,5,2.6894046260781594e-04,3.7363748562182554e-04,3.69405052e+00,21,5.8055384638477930e-07,9.5599034608942598e-04,9.5599034608942598e-04,1.0541405597226593e-20,4.5859737235083042e-16,7.8845596249970480e-05,7.8845596249970480e-05,2.0638083206877779e-21,1.3501505707478476e-01,1.6065130094677301e-18,1.3501505707478476e-01,4.6218819186457189e+01,-1.0457518275105120e-01,-1.5380153740569111e-03,0.0000000000000000e+00,0.0000000000000000e+00
double_revolute_sharp,double_revolute_gauss6,0.02,ok,,10,7.6026130173877286e-05,2.3350897102123534e-04,6.49677523e+00,41,2.9729362203777506e-08,1.2792101434091677e-04,1.2792101434091677e-04,1.2487711766814694e-19,4.4754520913118096e-16,7.9095602644149618e-06,7.9095602644149618e-06,6.3812018137973587e-21,3.7520892080749949e-02,3.6161091785936765e-17,3.7520892080749949e-02,4.7253732002129759e+01,-1.1459154125005284e-01,-1.5391302711318202e-03,0.0000000000000000e+00,0.0000000000000000e+00
double_revolute_sharp,double_revolute_gauss4_pivotva,0.04,ok,,5,2.6831888629112759e-04,1.3269026539762094e-03,1.16613247e-01,21,2.2027697654196741e-08,2.5760901850765869e-07,2.5760901850765869e-07,3.5164207258081879e-20,4.6111025347562034e-16,2.6894637183157499e-15,2.6894637183154454e-15,3.7113807456335129e-21,2.1701756396041178e-13,2.8667390285888555e-18,2.1701756396901759e-13,4.6604806746153550e+01,-1.0915747427968288e-01,-1.5328304991648887e-03,0.0000000000000000e+00,0.0000000000000000e+00
double_revolute_sharp,double_revolute_gauss4_pivotva,0.02,ok,,10,2.0209074575036943e-04,8.7290242251832680e-04,1.82717022e-01,41,1.3764674233467099e-09,1.6714490090254514e-08,1.6714490090254514e-08,2.2015344179129735e-19,3.8857805861880479e-16,5.1056304016109418e-16,5.1056304015548597e-16,1.1769126611599660e-20,7.5764404468416732e-14,3.6619769913105611e-17,7.5764404539442562e-14,4.6958509700410524e+01,-1.0592007389291135e-01,-1.5390795436131502e-03,0.0000000000000000e+00,0.0000000000000000e+00
double_revolute_sharp,double_revolute_gauss6_pivotva,0.04,ok,,5,2.6804218516124844e-04,1.1566499943922227e-03,3.15262668e+00,21,3.7490048491123228e-12,3.4977146082800083e-10,3.4977146082800083e-10,5.7322285058439694e-20,3.4219371797089426e-16,3.6302552835126888e-15,3.6302552835100973e-15,4.7590166766896820e-21,2.6294544240920869e-13,8.1066322006052723e-18,2.6294544253417279e-13,4.6934352867126776e+01,-1.0490917859683264e-01,-1.5391635392921618e-03,0.0000000000000000e+00,0.0000000000000000e+00
double_revolute_sharp,double_revolute_gauss6_pivotva,0.02,ok,,10,7.6269544144501740e-05,3.1583043912431532e-04,8.27892972e+00,41,6.6550277041758748e-14,1.1072630822491542e-11,1.1072630822491540e-11,2.1481609501024894e-19,5.6882003362843647e-16,8.6033890178831207e-16,8.6033890175710670e-16,1.4388180031274479e-20,1.1905779314697777e-13,6.2207189603997340e-17,1.1905779315604985e-13,4.7127970562807796e+01,-1.1443169344088469e-01,-1.5389934942375597e-03,0.0000000000000000e+00,1.1102230246251565e-16
double_revolute_sharp,double_revolute_gauss4_fullva,0.04,ok,,5,2.6831888629112759e-04,1.3269026539760290e-03,1.24822449e-01,21,2.2027697654196741e-08,2.5760901840450643e-07,2.5760901840450643e-07,1.2877148144762749e-27,4.6111025347562034e-16,2.6469129097293486e-15,2.6469129097293486e-15,2.1475811042869269e-25,2.1721819190282330e-13,4.8335798701206354e-26,2.1721819190282330e-13,4.6604806746153557e+01,-1.0915747427968288e-01,-1.5328304991648887e-03,0.0000000000000000e+00,0.0000000000000000e+00
double_revolute_sharp,double_revolute_gauss4_fullva,0.02,ok,,10,2.0209074575036943e-04,8.7290242251832680e-04,1.31864939e-01,41,1.3764674233467099e-09,1.6714490032083693e-08,1.6714490032083693e-08,4.4462696834187341e-27,4.0507929009243675e-16,5.1314985301210483e-16,5.1314985301210483e-16,3.6646254007317132e-25,7.5789535580526325e-14,1.8484930847707970e-26,7.5789535580526325e-14,4.6958509700410524e+01,-1.0592007389291133e-01,-1.5390795436131502e-03,0.0000000000000000e+00,0.0000000000000000e+00
double_revolute_sharp,double_revolute_gauss6_fullva,0.04,ok,,5,2.6804218516124844e-04,1.1566499943922227e-03,3.42075753e+00,21,3.7490048491123228e-12,3.4977142942881099e-10,3.4977142942881099e-10,5.6134466892249716e-27,3.4219371797089436e-16,3.6302552835100973e-15,3.6302552835100973e-15,4.0234006860685749e-25,2.6277259896772791e-13,5.0832046244082268e-26,2.6277259896772791e-13,4.6934352867126776e+01,-1.0490917859683260e-01,-1.5391635392921618e-03,0.0000000000000000e+00,0.0000000000000000e+00
double_revolute_sharp,double_revolute_gauss6_fullva,0.02,ok,,10,7.6269544144501740e-05,3.1583043912413925e-04,7.21237107e+00,41,6.6550277041758748e-14,1.1072555609633465e-11,1.1072555609633465e-11,2.2737919563603412e-27,5.6882003362843657e-16,8.3911857783508373e-16,8.3911857783508373e-16,2.5609912282775273e-25,1.1863734358581348e-13,2.1455877625545076e-26,1.1863734358581348e-13,4.7127970562807796e+01,-1.1443169344088465e-01,-1.5389934942375597e-03,0.0000000000000000e+00,1.1102230246251565e-16
