policy,paper_method,source_method,expected_order,nominal_h,effective_h,steps,final_partial_h,terminal_time,terminal_time_offset_from_T,coordinate_error_q,velocity_error_v,frobenius_error_norm_eta,max_residual_norm,total_newton_iterations
adjust_h_to_hit_T_exactly,tfe2026_Newmark_beta,Newmark_beta,2,0.012,0.012004801920768308,833,0.0,10.0,0.0,0.0004504953494266495,0.0010707351853025404,0.0006370966275578427,9.979934191762468e-13,1043.0
adjust_h_to_hit_T_exactly,tfe2026_Newmark_beta,Newmark_beta,2,0.006,0.00599880023995201,1667,0.0,10.0,0.0,0.00011245681808524921,0.0002673845978788947,0.00015903795723363456,8.407856998053701e-13,1667.0
adjust_h_to_hit_T_exactly,tfe2026_Newmark_beta,Newmark_beta,2,0.003,0.003000300030003,3333,0.0,10.0,0.0,2.812908135885195e-05,6.688762354456479e-05,3.9780528353439635e-05,5.000730161509756e-13,3327.0
adjust_h_to_hit_T_exactly,tfe2026_TFE_m1,TFE_m1,1,0.012,0.012004801920768308,833,0.0,10.0,0.0,0.0004020366163048905,0.004158692908841077,0.0005685656315198449,9.912071163853398e-13,1553.0
adjust_h_to_hit_T_exactly,tfe2026_TFE_m1,TFE_m1,1,0.006,0.00599880023995201,1667,0.0,10.0,0.0,0.00028831516026261994,0.0022842657638535435,0.0004077392084689548,9.623413177450857e-13,3057.0
adjust_h_to_hit_T_exactly,tfe2026_TFE_m1,TFE_m1,1,0.003,0.003000300030003,3333,0.0,10.0,0.0,0.00016608046379795738,0.001193936358746761,0.00023487324407839074,9.978684545330907e-13,5961.0
adjust_h_to_hit_T_exactly,tfe2026_TFE_m2,TFE_m2,3,0.012,0.012004801920768308,833,0.0,10.0,0.0,3.726490449551534e-08,2.631604887337602e-07,5.270053331883609e-08,1.5034580517333537e-10,1582.0
adjust_h_to_hit_T_exactly,tfe2026_TFE_m2,TFE_m2,3,0.006,0.00599880023995201,1667,0.0,10.0,0.0,4.7436850003634845e-09,3.301713658032668e-08,6.708583629713029e-09,6.475998374089242e-10,3213.0
adjust_h_to_hit_T_exactly,tfe2026_TFE_m2,TFE_m2,3,0.003,0.003000300030003,3333,0.0,10.0,0.0,5.722511353667414e-10,4.0553582714153436e-09,8.092853412956862e-10,2.676253849073688e-09,6509.0
adjust_h_to_hit_T_exactly,tfe2026_trapezoidal,trapezoidal,2,0.012,0.012004801920768308,833,0.0,10.0,0.0,0.00034650356364496204,0.0008207253213359245,0.0004900300366658144,9.9101634195185e-13,1044.0
adjust_h_to_hit_T_exactly,tfe2026_trapezoidal,trapezoidal,2,0.006,0.00599880023995201,1667,0.0,10.0,0.0,8.650329978809879e-05,0.00020494956476313497,0.00012233413971219335,8.332364841509816e-13,1667.0
adjust_h_to_hit_T_exactly,tfe2026_trapezoidal,trapezoidal,2,0.003,0.003000300030003,3333,0.0,10.0,0.0,2.1637632417803587e-05,5.126901356855562e-05,3.060023322224612e-05,5.02776639765834e-13,3327.0
algorithm_literal_fixed_h_until_tn_ge_tfinal,tfe2026_Newmark_beta,Newmark_beta,2,0.012,0.012,834,0.0,10.008000000000001,0.008000000000000895,0.0004417195738413149,0.0010734800052834004,0.0006246858070134391,9.865615556594547e-13,1042.0
algorithm_literal_fixed_h_until_tn_ge_tfinal,tfe2026_Newmark_beta,Newmark_beta,2,0.006,0.006,1667,0.0,10.002,0.002000000000000668,0.00011197667579709858,0.0002677209342156761,0.00015835893349900904,8.375554551141379e-13,1667.0
algorithm_literal_fixed_h_until_tn_ge_tfinal,tfe2026_Newmark_beta,Newmark_beta,2,0.003,0.003,3334,0.0,10.002,0.002000000000000668,2.7992170210211498e-05,6.69315727879205e-05,3.958690675028624e-05,9.486371985246574e-13,3328.0
algorithm_literal_fixed_h_until_tn_ge_tfinal,tfe2026_TFE_m1,TFE_m1,1,0.012,0.012,834,0.0,10.008000000000001,0.008000000000000895,0.000367909690681234,0.004159382853303306,0.0005203028713554724,9.912071163853398e-13,1558.0
algorithm_literal_fixed_h_until_tn_ge_tfinal,tfe2026_TFE_m1,TFE_m1,1,0.006,0.006,1667,0.0,10.002,0.002000000000000668,0.00028368677727508285,0.002285136645232333,0.00040119368654302853,9.805489753489383e-13,3058.0
algorithm_literal_fixed_h_until_tn_ge_tfinal,tfe2026_TFE_m1,TFE_m1,1,0.003,0.003,3334,0.0,10.002,0.002000000000000668,0.0001636303295828867,0.001194096858283089,0.0002314082310535135,9.967582315084655e-13,5967.0
algorithm_literal_fixed_h_until_tn_ge_tfinal,tfe2026_TFE_m2,TFE_m2,3,0.012,0.012,834,0.0,10.008000000000001,0.008000000000000895,3.5088949967843064e-08,2.630812383497272e-07,4.962326897089361e-08,1.3110774791879058e-10,1579.0
algorithm_literal_fixed_h_until_tn_ge_tfinal,tfe2026_TFE_m2,TFE_m2,3,0.006,0.006,1667,0.0,10.002,0.002000000000000668,4.682086718332812e-09,3.305011864185303e-08,6.621470497057994e-09,6.110477701140748e-10,3218.0
algorithm_literal_fixed_h_until_tn_ge_tfinal,tfe2026_TFE_m2,TFE_m2,3,0.003,0.003,3334,0.0,10.002,0.002000000000000668,6.0471716523125e-10,4.163289490932698e-09,8.551992277448479e-10,2.4823249955598125e-09,6516.0
algorithm_literal_fixed_h_until_tn_ge_tfinal,tfe2026_trapezoidal,trapezoidal,2,0.012,0.012,834,0.0,10.008000000000001,0.008000000000000895,0.0003397528083928236,0.0008230032910832019,0.0004804830271725436,9.786242707227817e-13,1047.0
algorithm_literal_fixed_h_until_tn_ge_tfinal,tfe2026_trapezoidal,trapezoidal,2,0.006,0.006,1667,0.0,10.002,0.002000000000000668,8.613395686474234e-05,0.00020521840096288102,0.00012181180994133097,8.222129613713458e-13,1667.0
algorithm_literal_fixed_h_until_tn_ge_tfinal,tfe2026_trapezoidal,trapezoidal,2,0.003,0.003,3334,0.0,10.002,0.002000000000000668,2.1532308347449458e-05,5.1305427573034024e-05,3.0451282493586568e-05,9.497229928525828e-13,3328.0
floor_horizon,tfe2026_Newmark_beta,Newmark_beta,2,0.012,0.012,833,0.0,9.996,-0.0039999999999995595,0.00045432805916734154,0.0010680056310534702,0.0006425168975150856,9.865615556594547e-13,1041.0
floor_horizon,tfe2026_Newmark_beta,Newmark_beta,2,0.006,0.006,1666,0.0,9.996,-0.0039999999999995595,0.00011355022750558774,0.000267023725961657,0.00016058427166265309,8.375554551141379e-13,1666.0
floor_horizon,tfe2026_Newmark_beta,Newmark_beta,2,0.003,0.003,3333,0.0,9.999,-0.0009999999999994458,2.8189041961557137e-05,6.684530016931589e-05,3.986532545101149e-05,9.486371985246574e-13,3327.0
floor_horizon,tfe2026_TFE_m1,TFE_m1,1,0.012,0.012,833,0.0,9.996,-0.0039999999999995595,0.0004190632923730675,0.004156230682434092,0.0005926449872301804,9.912071163853398e-13,1556.0
floor_horizon,tfe2026_TFE_m1,TFE_m1,1,0.006,0.006,1666,0.0,9.996,-0.0039999999999995595,0.0002976897251336652,0.0022837340214019175,0.00042099684510861664,9.805489753489383e-13,3056.0
floor_horizon,tfe2026_TFE_m1,TFE_m1,1,0.003,0.003,3333,0.0,9.999,-0.0009999999999994458,0.0001672836939992095,0.0011936822141058734,0.0002365748685417386,9.967582315084655e-13,5965.0
floor_horizon,tfe2026_TFE_m2,TFE_m2,3,0.012,0.012,833,0.0,9.996,-0.0039999999999995595,3.828768457836418e-08,2.6272092346069087e-07,5.4146962779059813e-08,1.3110774791879058e-10,1577.0
floor_horizon,tfe2026_TFE_m2,TFE_m2,3,0.006,0.006,1666,0.0,9.996,-0.0039999999999995595,4.883464299609841e-09,3.3025783663376274e-08,6.906261487494356e-09,6.110477701140748e-10,3216.0
floor_horizon,tfe2026_TFE_m2,TFE_m2,3,0.003,0.003,3333,0.0,9.999,-0.0009999999999994458,6.174118993840239e-10,4.161952116277234e-09,8.731522766338176e-10,2.4823249955598125e-09,6514.0
floor_horizon,tfe2026_trapezoidal,trapezoidal,2,0.012,0.012,833,0.0,9.996,-0.0039999999999995595,0.0003494519679860808,0.000818543691132767,0.0004941997100092729,9.786242707227817e-13,1046.0
floor_horizon,tfe2026_trapezoidal,trapezoidal,2,0.006,0.006,1666,0.0,9.996,-0.0039999999999995595,8.734439178548214e-05,0.00020465051150919678,0.00012352362342097248,8.222129613713458e-13,1666.0
floor_horizon,tfe2026_trapezoidal,trapezoidal,2,0.003,0.003,3333,0.0,9.999,-0.0009999999999994458,2.1683748368417355e-05,5.123514037141952e-05,3.0665451025070914e-05,9.497229928525828e-13,3327.0
integer_steps_plus_final_partial_step,tfe2026_Newmark_beta,Newmark_beta,2,0.012,0.012,833,0.0039999999999995595,10.0,0.0,0.0004500621060263832,0.0010695521292281018,0.0006364839288808791,9.865615556594547e-13,1042.0
integer_steps_plus_final_partial_step,tfe2026_Newmark_beta,Newmark_beta,2,0.006,0.006,1666,0.0039999999999995595,10.0,0.0,0.00011249045482708553,0.0002674405905715993,0.00015908552677004932,8.375554551141379e-13,1667.0
integer_steps_plus_final_partial_step,tfe2026_Newmark_beta,Newmark_beta,2,0.003,0.003,3333,0.0009999999999994458,10.0,0.0,2.8122326231283523e-05,6.68691850700398e-05,3.977097516046677e-05,9.486371985246574e-13,3328.0
integer_steps_plus_final_partial_step,tfe2026_TFE_m1,TFE_m1,1,0.012,0.012,833,0.0039999999999995595,10.0,0.0,0.00040230676745478533,0.004157598391158146,0.0005689476829321976,9.912071163853398e-13,1558.0
integer_steps_plus_final_partial_step,tfe2026_TFE_m1,TFE_m1,1,0.006,0.006,1666,0.0039999999999995595,10.0,0.0,0.0002884239725275961,0.0022847108603174515,0.00040789309224825265,9.805489753489383e-13,3058.0
integer_steps_plus_final_partial_step,tfe2026_TFE_m1,TFE_m1,1,0.003,0.003,3333,0.0009999999999994458,10.0,0.0,0.000166082153398861,0.0011938218490876729,0.0002348756335348902,9.967582315084655e-13,5967.0
integer_steps_plus_final_partial_step,tfe2026_TFE_m2,TFE_m2,3,0.012,0.012,833,0.0039999999999995595,10.0,0.0,3.723589658832793e-08,2.6284638998674836e-07,5.265950998795961e-08,4.240548090303706e-10,1579.0
integer_steps_plus_final_partial_step,tfe2026_TFE_m2,TFE_m2,3,0.006,0.006,1666,0.0039999999999995595,10.0,0.0,4.750677629061784e-09,3.304176887652943e-08,6.718472758630501e-09,6.110477701140748e-10,3218.0
integer_steps_plus_final_partial_step,tfe2026_TFE_m2,TFE_m2,3,0.003,0.003,3333,0.0009999999999994458,10.0,0.0,6.132458985064204e-10,4.161078814846064e-09,8.672606632678855e-10,6.843627118021719e-09,6516.0
integer_steps_plus_final_partial_step,tfe2026_trapezoidal,trapezoidal,2,0.012,0.012,833,0.0039999999999995595,10.0,0.0,0.0003461811169191975,0.0008197424025890854,0.0004895740281399021,9.786242707227817e-13,1047.0
integer_steps_plus_final_partial_step,tfe2026_trapezoidal,trapezoidal,2,0.006,0.006,1666,0.0039999999999995595,10.0,0.0,8.653085075316369e-05,0.000204980565124524,0.0001223731026606417,8.222129613713458e-13,1667.0
integer_steps_plus_final_partial_step,tfe2026_trapezoidal,trapezoidal,2,0.003,0.003,3333,0.0009999999999994458,10.0,0.0,2.163259240894888e-05,5.125365911728963e-05,3.059310557342227e-05,9.497229928525828e-13,3328.0
